{
  "frame_id": "1616100804400",
  "detections": [
    {
      "name": "Car",
      "position": [
        -0.6219711303710938,
        24.84662628173828,
        -0.7843211889266968
      ],
      "dimensions": [
        5.025160789489746,
        1.9942421913146973,
        1.743313193321228
      ],
      "heading": -1.4045149087905884
    },
    {
      "name": "Car",
      "position": [
        -21.45595932006836,
        63.88214111328125,
        -0.20148594677448273
      ],
      "dimensions": [
        4.300299644470215,
        1.7419676780700684,
        1.5498415231704712
      ],
      "heading": -1.1407932043075562
    },
    {
      "name": "Bus",
      "position": [
        -4.809837341308594,
        -3.4298553466796875,
        -0.06654666364192963
      ],
      "dimensions": [
        12.820365905761719,
        3.0418472290039062,
        3.3089981079101562
      ],
      "heading": -1.4966498613357544
    }
  ]
}